Iteration;Execution time (ms);Genetic Algorithm;;;Simulation;;;Chromosome;allied;;conflict;;guardian;;herald;;hero;;journey;;mentor;;monomyth;;shadow;;shapeshifter;;trickster;;;;;;;;;;;;;;;;;;;;;;;;;;;;;;;;
;;Best fitness;Population average;Population Std. Dev.;Best Fitness;Trials Std. Dev.;Number of trials;;Trials average;Trials Std. Dev.;Trials average;Trials Std. Dev.;Trials average;Trials Std. Dev.;Trials average;Trials Std. Dev.;Trials average;Trials Std. Dev.;Trials average;Trials Std. Dev.;Trials average;Trials Std. Dev.;Trials average;Trials Std. Dev.;Trials average;Trials Std. Dev.;Trials average;Trials Std. Dev.;Trials average;Trials Std. Dev.;;;;;;;;;;;;;;;;;;;;;;;;;;;;;;;
0;391837;233,6;32,217777;61,541134;233,6;129,76561;15;[9, 11, 9, 4, 124, 0.5661082, 0.11089653, 0.23741639, 0.22286469, 0.47658986, 0.9829002, 0.84650004, 0.6611051, 0.67626214, 0.45226872, 0.58717835, 0.8544508, 0.9062252, 0.1171813, 0.4670059, 0.14171237, 0.10986143, 0.008735836, 0.41914213, 0.5542577, 0.9354534, 0.8074027, 0.4255107, 0.13296807, 0.8352019, 0.5434723, 0.88948977, 0.056265235, 0.76077133, 0.52140355, 0.0993371, 0.932705, 0.7587488, 0.03447652, 0.8034253, 0.22380632, 0.13473028, 0.8723297, 0.52212745, 0.17262006, 0.88469124, 0.8465761, 0.015447736, 0.88062406, 0.78001505, 0.32362676, 0.09246266];39,8;29,990952;102,13333;28,387287;33,466667;41,68396;1;2,56348;7,9333334;5,496319;7,9333334;5,496319;12,733334;10,693567;0;0;7,9333334;5,496319;0;0;20,666666;24,563814;;;;;;;;;;;;;;;;;;;;;;;;;;;;;;;
1;287942;690,5333;61,864445;140,49757;690,5333;473,55252;15;[9, 10, 9, 16, 122, 0.03813411, 0.25801522, 0.1542958, 0.35048285, 0.068796895, 0.909037, 0.6323588, 0.30721617, 0.7677607, 0.26287335, 0.5939773, 0.49190724, 0.13908647, 0.5864391, 0.2689433, 0.2452428, 0.68553233, 0.14862615, 0.676967, 0.13168353, 0.3163047, 0.5434227, 0.56024337, 0.03503165, 0.5984762, 0.91473234, 0.43763342, 0.4787367, 0.44972944, 0.91520476, 0.76753527, 0.44010112, 0.50467753, 0.76885206, 0.1564214, 0.2545662, 0.18548384, 0.6186049, 0.33200762, 0.42520314, 0.70633185, 0.30949643, 0.12572683, 0.39995998, 0.8865258, 0.24009582, 0.8408031];122,6;99,19735;276,66666;61,113087;152,86667;194,08755;0;0;15,2;13,5815;15,2;13,5815;2,0666666;5,4571924;0;0;15,2;13,5815;0;0;90,73333;107,64722;;;;;;;;;;;;;;;;;;;;;;;;;;;;;;;
2;328889;690,5333;94,72444;112,29953;690,5333;473,55252;15;[9, 10, 9, 16, 122, 0.03813411, 0.25801522, 0.1542958, 0.35048285, 0.068796895, 0.909037, 0.6323588, 0.30721617, 0.7677607, 0.26287335, 0.5939773, 0.49190724, 0.13908647, 0.5864391, 0.2689433, 0.2452428, 0.68553233, 0.14862615, 0.676967, 0.13168353, 0.3163047, 0.5434227, 0.56024337, 0.03503165, 0.5984762, 0.91473234, 0.43763342, 0.4787367, 0.44972944, 0.91520476, 0.76753527, 0.44010112, 0.50467753, 0.76885206, 0.1564214, 0.2545662, 0.18548384, 0.6186049, 0.33200762, 0.42520314, 0.70633185, 0.30949643, 0.12572683, 0.39995998, 0.8865258, 0.24009582, 0.8408031];122,6;99,19735;276,66666;61,113087;152,86667;194,08755;0;0;15,2;13,5815;15,2;13,5815;2,0666666;5,4571924;0;0;15,2;13,5815;0;0;90,73333;107,64722;;;;;;;;;;;;;;;;;;;;;;;;;;;;;;;
3;984976;1235,2667;206,89111;223,92538;1235,2667;1774,0997;15;[8, 13, 9, 14, 107, 0.8501374, 0.99056005, 0.73970807, 0.28282332, 0.008390847, 0.45668793, 0.5813873, 0.21604545, 0.23116517, 0.36078858, 0.31690162, 0.76220274, 0.06821523, 0.5551043, 0.5084149, 0.18504076, 0.2678069, 0.36402613, 0.19841549, 0.3207569, 0.14584807, 0.5863247, 0.6383289, 0.7152804, 0.6407039, 0.6538886, 0.23802842, 0.67250216, 0.78252524, 0.72270834, 0.45309603, 0.42148918, 0.73147273, 0.40005374, 0.16428518, 0.15934989, 0.28990555, 0.378603, 0.23175502, 0.44070107, 0.6270149, 0.39588124, 0.9314765, 0.5958672, 0.5246617, 0.12123273, 0.6718769];117,73333;340,36926;671,4;160,16545;245,53334;782,782;4,733333;6,6167173;19,333334;48,08574;19,333334;48,08574;0,4;1,5491933;0;0;19,333334;48,08574;0;0;137,46666;440,75436;;;;;;;;;;;;;;;;;;;;;;;;;;;;;;;
4;1382479;1235,2667;284,1711;236,13686;1235,2667;1774,0997;15;[8, 13, 9, 14, 107, 0.8501374, 0.99056005, 0.73970807, 0.28282332, 0.008390847, 0.45668793, 0.5813873, 0.21604545, 0.23116517, 0.36078858, 0.31690162, 0.76220274, 0.06821523, 0.5551043, 0.5084149, 0.18504076, 0.2678069, 0.36402613, 0.19841549, 0.3207569, 0.14584807, 0.5863247, 0.6383289, 0.7152804, 0.6407039, 0.6538886, 0.23802842, 0.67250216, 0.78252524, 0.72270834, 0.45309603, 0.42148918, 0.73147273, 0.40005374, 0.16428518, 0.15934989, 0.28990555, 0.378603, 0.23175502, 0.44070107, 0.6270149, 0.39588124, 0.9314765, 0.5958672, 0.5246617, 0.12123273, 0.6718769];117,73333;340,36926;671,4;160,16545;245,53334;782,782;4,733333;6,6167173;19,333334;48,08574;19,333334;48,08574;0,4;1,5491933;0;0;19,333334;48,08574;0;0;137,46666;440,75436;;;;;;;;;;;;;;;;;;;;;;;;;;;;;;;
5;1263263;1235,2667;359,07556;224,54768;1235,2667;1774,0997;15;[8, 13, 9, 14, 107, 0.8501374, 0.99056005, 0.73970807, 0.28282332, 0.008390847, 0.45668793, 0.5813873, 0.21604545, 0.23116517, 0.36078858, 0.31690162, 0.76220274, 0.06821523, 0.5551043, 0.5084149, 0.18504076, 0.2678069, 0.36402613, 0.19841549, 0.3207569, 0.14584807, 0.5863247, 0.6383289, 0.7152804, 0.6407039, 0.6538886, 0.23802842, 0.67250216, 0.78252524, 0.72270834, 0.45309603, 0.42148918, 0.73147273, 0.40005374, 0.16428518, 0.15934989, 0.28990555, 0.378603, 0.23175502, 0.44070107, 0.6270149, 0.39588124, 0.9314765, 0.5958672, 0.5246617, 0.12123273, 0.6718769];117,73333;340,36926;671,4;160,16545;245,53334;782,782;4,733333;6,6167173;19,333334;48,08574;19,333334;48,08574;0,4;1,5491933;0;0;19,333334;48,08574;0;0;137,46666;440,75436;;;;;;;;;;;;;;;;;;;;;;;;;;;;;;;
6;1870218;1683,4;512,9;339,08902;1683,4;1006,934;15;[11, 8, 14, 12, 119, 0.02566123, 0.42560703, 0.39622903, 0.55549383, 0.36605695, 0.5923724, 0.81603175, 0.12598647, 0.4412511, 0.3730486, 0.55347186, 0.966839, 0.8278953, 0.9434178, 0.4490583, 0.11571829, 0.5517378, 0.43355805, 0.121384606, 0.32553166, 0.19843279, 0.7235153, 0.8050255, 0.620945, 0.30594015, 0.7629607, 0.56156385, 0.50149715, 0.7043827, 0.4132419, 0.457007, 0.5497682, 0.72243065, 0.45093805, 0.4977511, 0.946844, 0.54893315, 0.6252293, 0.05180989, 0.5086415, 0.48983634, 0.41494083, 0.5785147, 0.39907435, 0.9184816, 0.6255836, 0.12107184];218,66667;176,90137;652,6667;157,8791;492,13333;454,24942;1,8;2,9081168;56,266666;31,608017;56,266666;31,608017;37,733334;26,876614;0;0;56,266666;31,608017;6,9333334;15,484861;104,666664;122,3897;;;;;;;;;;;;;;;;;;;;;;;;;;;;;;;
7;2145317;2106,4;602,6067;475,5011;2106,4;811,0867;15;[8, 8, 13, 14, 111, 0.35934746, 0.39996383, 0.39606702, 0.47074524, 0.3724033, 0.5960801, 0.8381265, 0.12783305, 0.2544009, 0.34381372, 0.6824893, 0.95523554, 0.8330573, 0.95176184, 0.28590173, 0.21108562, 0.4350443, 0.47001088, 0.10399985, 0.23409303, 0.11015623, 0.4796212, 0.7557408, 0.484663, 0.3609316, 0.7702651, 0.54294187, 0.5144732, 0.61460537, 0.47955555, 0.3108421, 0.52896285, 0.6654972, 0.45479614, 0.35899642, 0.659234, 0.48006603, 0.33415028, 0.073392704, 0.43380666, 0.32463807, 0.4578199, 0.8573705, 0.6880114, 0.90475285, 0.8701052, 0.8633881];427,86667;144,56529;664,4667;136,4786;494,26666;329,63626;2,5333333;5,423055;61,466667;20,30435;61,466667;20,30435;49,866665;18,950562;0;0;61,466667;20,30435;32,6;91,43366;250,4;142,31744;;;;;;;;;;;;;;;;;;;;;;;;;;;;;;;
8;1975341;2106,4;621,7022;369,25574;2106,4;811,0867;15;[8, 8, 13, 14, 111, 0.35934746, 0.39996383, 0.39606702, 0.47074524, 0.3724033, 0.5960801, 0.8381265, 0.12783305, 0.2544009, 0.34381372, 0.6824893, 0.95523554, 0.8330573, 0.95176184, 0.28590173, 0.21108562, 0.4350443, 0.47001088, 0.10399985, 0.23409303, 0.11015623, 0.4796212, 0.7557408, 0.484663, 0.3609316, 0.7702651, 0.54294187, 0.5144732, 0.61460537, 0.47955555, 0.3108421, 0.52896285, 0.6654972, 0.45479614, 0.35899642, 0.659234, 0.48006603, 0.33415028, 0.073392704, 0.43380666, 0.32463807, 0.4578199, 0.8573705, 0.6880114, 0.90475285, 0.8701052, 0.8633881];427,86667;144,56529;664,4667;136,4786;494,26666;329,63626;2,5333333;5,423055;61,466667;20,30435;61,466667;20,30435;49,866665;18,950562;0;0;61,466667;20,30435;32,6;91,43366;250,4;142,31744;;;;;;;;;;;;;;;;;;;;;;;;;;;;;;;
9;2308370;2106,4;691,7111;296,1427;2106,4;811,0867;15;[8, 8, 13, 14, 111, 0.35934746, 0.39996383, 0.39606702, 0.47074524, 0.3724033, 0.5960801, 0.8381265, 0.12783305, 0.2544009, 0.34381372, 0.6824893, 0.95523554, 0.8330573, 0.95176184, 0.28590173, 0.21108562, 0.4350443, 0.47001088, 0.10399985, 0.23409303, 0.11015623, 0.4796212, 0.7557408, 0.484663, 0.3609316, 0.7702651, 0.54294187, 0.5144732, 0.61460537, 0.47955555, 0.3108421, 0.52896285, 0.6654972, 0.45479614, 0.35899642, 0.659234, 0.48006603, 0.33415028, 0.073392704, 0.43380666, 0.32463807, 0.4578199, 0.8573705, 0.6880114, 0.90475285, 0.8701052, 0.8633881];427,86667;144,56529;664,4667;136,4786;494,26666;329,63626;2,5333333;5,423055;61,466667;20,30435;61,466667;20,30435;49,866665;18,950562;0;0;61,466667;20,30435;32,6;91,43366;250,4;142,31744;;;;;;;;;;;;;;;;;;;;;;;;;;;;;;;
10;3063849;2162,6;954,01556;421,12152;2162,6;790,65125;15;[8, 13, 16, 12, 118, 0.7327783, 0.26940846, 0.53419083, 0.32888508, 0.7158151, 0.48349786, 0.72604847, 0.32824433, 0.70974827, 0.25301278, 0.67738366, 0.8706915, 0.53826237, 0.6422, 0.3399359, 0.27310407, 0.3204898, 0.40388346, 0.30922022, 0.43276185, 0.15036993, 0.63422865, 0.6131882, 0.4441651, 0.8742597, 0.81708944, 0.5540205, 0.29796532, 0.7387714, 0.7462096, 0.5839229, 0.530093, 0.27414107, 0.5437241, 0.19309908, 0.1592864, 0.25350767, 0.5600525, 0.059693474, 0.3143948, 0.6742968, 0.41712257, 0.800971, 0.6247176, 0.7417884, 0.42266732, 0.9598784];583,6;206,02837;650,06665;118,785805;368,46667;212,95837;1;1,1952286;58,866665;21,009748;58,866665;21,009748;38,533333;19,430708;0;0;58,866665;21,009748;8,466666;24,686222;335,86667;187,67444;;;;;;;;;;;;;;;;;;;;;;;;;;;;;;;
11;3680932;2162,6;1022,13556;356,34772;2162,6;790,65125;15;[8, 13, 16, 12, 118, 0.7327783, 0.26940846, 0.53419083, 0.32888508, 0.7158151, 0.48349786, 0.72604847, 0.32824433, 0.70974827, 0.25301278, 0.67738366, 0.8706915, 0.53826237, 0.6422, 0.3399359, 0.27310407, 0.3204898, 0.40388346, 0.30922022, 0.43276185, 0.15036993, 0.63422865, 0.6131882, 0.4441651, 0.8742597, 0.81708944, 0.5540205, 0.29796532, 0.7387714, 0.7462096, 0.5839229, 0.530093, 0.27414107, 0.5437241, 0.19309908, 0.1592864, 0.25350767, 0.5600525, 0.059693474, 0.3143948, 0.6742968, 0.41712257, 0.800971, 0.6247176, 0.7417884, 0.42266732, 0.9598784];583,6;206,02837;650,06665;118,785805;368,46667;212,95837;1;1,1952286;58,866665;21,009748;58,866665;21,009748;38,533333;19,430708;0;0;58,866665;21,009748;8,466666;24,686222;335,86667;187,67444;;;;;;;;;;;;;;;;;;;;;;;;;;;;;;;
12;4206845;2162,6;1112,7134;374,01257;2162,6;790,65125;15;[8, 13, 16, 12, 118, 0.7327783, 0.26940846, 0.53419083, 0.32888508, 0.7158151, 0.48349786, 0.72604847, 0.32824433, 0.70974827, 0.25301278, 0.67738366, 0.8706915, 0.53826237, 0.6422, 0.3399359, 0.27310407, 0.3204898, 0.40388346, 0.30922022, 0.43276185, 0.15036993, 0.63422865, 0.6131882, 0.4441651, 0.8742597, 0.81708944, 0.5540205, 0.29796532, 0.7387714, 0.7462096, 0.5839229, 0.530093, 0.27414107, 0.5437241, 0.19309908, 0.1592864, 0.25350767, 0.5600525, 0.059693474, 0.3143948, 0.6742968, 0.41712257, 0.800971, 0.6247176, 0.7417884, 0.42266732, 0.9598784];583,6;206,02837;650,06665;118,785805;368,46667;212,95837;1;1,1952286;58,866665;21,009748;58,866665;21,009748;38,533333;19,430708;0;0;58,866665;21,009748;8,466666;24,686222;335,86667;187,67444;;;;;;;;;;;;;;;;;;;;;;;;;;;;;;;
13;5120002;2501,8;1286,0289;557,3227;2501,8;822,764;15;[15, 14, 15, 16, 122, 0.5519501, 0.07038333, 0.38265425, 0.26845953, 0.3974585, 0.7086877, 0.91459966, 0.44562358, 0.5457672, 0.16298583, 0.31840044, 0.89809686, 0.5246002, 0.76570284, 0.38339886, 0.22291762, 0.41739345, 0.3991969, 0.28933793, 0.53420246, 0.20260373, 0.6299104, 0.47669524, 0.37864965, 0.54256046, 0.8357244, 0.56884414, 0.53859776, 0.81882644, 0.49404806, 0.56320655, 0.5297705, 0.13848951, 0.25775224, 0.18161072, 0.5027374, 0.2532101, 0.5018358, 0.28138012, 0.4562133, 0.60519445, 0.5001615, 0.83932436, 0.41378504, 0.21477994, 0.19353642, 0.8327484];672,06665;221,2111;808,13336;144,30566;649,6667;407,66525;1,0666667;2,2509258;78,6;19,223497;78,6;19,223497;47,666668;19,04756;0;0;78,6;19,223497;10,333333;15,328156;77,066666;40,469505;;;;;;;;;;;;;;;;;;;;;;;;;;;;;;;
14;5281527;2501,8;1311,2689;531,66724;2501,8;822,764;15;[15, 14, 15, 16, 122, 0.5519501, 0.07038333, 0.38265425, 0.26845953, 0.3974585, 0.7086877, 0.91459966, 0.44562358, 0.5457672, 0.16298583, 0.31840044, 0.89809686, 0.5246002, 0.76570284, 0.38339886, 0.22291762, 0.41739345, 0.3991969, 0.28933793, 0.53420246, 0.20260373, 0.6299104, 0.47669524, 0.37864965, 0.54256046, 0.8357244, 0.56884414, 0.53859776, 0.81882644, 0.49404806, 0.56320655, 0.5297705, 0.13848951, 0.25775224, 0.18161072, 0.5027374, 0.2532101, 0.5018358, 0.28138012, 0.4562133, 0.60519445, 0.5001615, 0.83932436, 0.41378504, 0.21477994, 0.19353642, 0.8327484];672,06665;221,2111;808,13336;144,30566;649,6667;407,66525;1,0666667;2,2509258;78,6;19,223497;78,6;19,223497;47,666668;19,04756;0;0;78,6;19,223497;10,333333;15,328156;77,066666;40,469505;;;;;;;;;;;;;;;;;;;;;;;;;;;;;;;
15;4805731;2501,8;1289,86;498,1857;2501,8;822,764;15;[15, 14, 15, 16, 122, 0.5519501, 0.07038333, 0.38265425, 0.26845953, 0.3974585, 0.7086877, 0.91459966, 0.44562358, 0.5457672, 0.16298583, 0.31840044, 0.89809686, 0.5246002, 0.76570284, 0.38339886, 0.22291762, 0.41739345, 0.3991969, 0.28933793, 0.53420246, 0.20260373, 0.6299104, 0.47669524, 0.37864965, 0.54256046, 0.8357244, 0.56884414, 0.53859776, 0.81882644, 0.49404806, 0.56320655, 0.5297705, 0.13848951, 0.25775224, 0.18161072, 0.5027374, 0.2532101, 0.5018358, 0.28138012, 0.4562133, 0.60519445, 0.5001615, 0.83932436, 0.41378504, 0.21477994, 0.19353642, 0.8327484];672,06665;221,2111;808,13336;144,30566;649,6667;407,66525;1,0666667;2,2509258;78,6;19,223497;78,6;19,223497;47,666668;19,04756;0;0;78,6;19,223497;10,333333;15,328156;77,066666;40,469505;;;;;;;;;;;;;;;;;;;;;;;;;;;;;;;
16;5601578;2501,8;1396,1866;450,68115;2501,8;822,764;15;[15, 14, 15, 16, 122, 0.5519501, 0.07038333, 0.38265425, 0.26845953, 0.3974585, 0.7086877, 0.91459966, 0.44562358, 0.5457672, 0.16298583, 0.31840044, 0.89809686, 0.5246002, 0.76570284, 0.38339886, 0.22291762, 0.41739345, 0.3991969, 0.28933793, 0.53420246, 0.20260373, 0.6299104, 0.47669524, 0.37864965, 0.54256046, 0.8357244, 0.56884414, 0.53859776, 0.81882644, 0.49404806, 0.56320655, 0.5297705, 0.13848951, 0.25775224, 0.18161072, 0.5027374, 0.2532101, 0.5018358, 0.28138012, 0.4562133, 0.60519445, 0.5001615, 0.83932436, 0.41378504, 0.21477994, 0.19353642, 0.8327484];672,06665;221,2111;808,13336;144,30566;649,6667;407,66525;1,0666667;2,2509258;78,6;19,223497;78,6;19,223497;47,666668;19,04756;0;0;78,6;19,223497;10,333333;15,328156;77,066666;40,469505;;;;;;;;;;;;;;;;;;;;;;;;;;;;;;;
17;5593647;2513,1333;1397,6934;497,49356;2513,1333;965,8089;15;[16, 15, 13, 15, 123, 0.6013454, 0.03490833, 0.40170342, 0.49040323, 0.35146546, 0.6603427, 0.6611381, 0.084637344, 0.8678607, 0.06751901, 0.7035177, 0.93580836, 0.5308318, 0.7350056, 0.41647667, 0.26065615, 0.3254051, 0.42541373, 0.33416924, 0.6468102, 0.13558799, 0.63103825, 0.64585316, 0.26501527, 0.77501696, 0.8333921, 0.5561199, 0.39065522, 0.28211942, 0.6700351, 0.44920063, 0.4703601, 0.23149285, 0.50054634, 0.105821565, 0.871611, 0.2490261, 0.57294154, 0.37003094, 0.36493963, 0.49061042, 0.48885816, 0.7886495, 0.74425066, 0.7436923, 0.46472672, 0.8242026];747;299,27267;761,73334;122,40359;593,73334;421,39487;3,0666666;5,981718;77,86667;29,959179;77,86667;29,959179;43,866665;22,977837;0;0;77,86667;29,959179;18,666666;23,702522;111,46667;75,11502;;;;;;;;;;;;;;;;;;;;;;;;;;;;;;;
18;7867356;3353,0667;1845,5867;639,9243;3353,0667;2528,1323;15;[14, 15, 13, 15, 123, 0.49945974, 0.62481874, 0.43564868, 0.31313598, 0.3671281, 0.71138906, 0.48725617, 0.25032997, 0.7453971, 0.09972197, 0.74140525, 0.93566656, 0.3875249, 0.8831722, 0.59622914, 0.05973614, 0.22467719, 0.397605, 0.3612729, 0.69526774, 0.21710853, 0.77820694, 0.61881894, 0.46753043, 0.5146729, 0.82493705, 0.7951431, 0.39743692, 0.36385515, 0.6540743, 0.56788784, 0.56546885, 0.41197565, 0.6157251, 0.11466979, 0.76923233, 0.27816114, 0.64530045, 0.4008028, 0.7460575, 0.5409867, 0.4856682, 0.7777696, 0.0737772, 0.68310964, 0.57076335, 0.8457769];263,13333;155,5896;1172,7333;405,57553;1357,1333;1618,8544;6,733333;17,470245;113,13333;62,998714;113,13333;62,998714;102,53333;59,670364;0;0;113,13333;62,998714;8,2;16,848907;103,2;105,33497;;;;;;;;;;;;;;;;;;;;;;;;;;;;;;;
19;10717564;3353,0667;1989,7289;497,6784;3353,0667;2528,1323;15;[14, 15, 13, 15, 123, 0.49945974, 0.62481874, 0.43564868, 0.31313598, 0.3671281, 0.71138906, 0.48725617, 0.25032997, 0.7453971, 0.09972197, 0.74140525, 0.93566656, 0.3875249, 0.8831722, 0.59622914, 0.05973614, 0.22467719, 0.397605, 0.3612729, 0.69526774, 0.21710853, 0.77820694, 0.61881894, 0.46753043, 0.5146729, 0.82493705, 0.7951431, 0.39743692, 0.36385515, 0.6540743, 0.56788784, 0.56546885, 0.41197565, 0.6157251, 0.11466979, 0.76923233, 0.27816114, 0.64530045, 0.4008028, 0.7460575, 0.5409867, 0.4856682, 0.7777696, 0.0737772, 0.68310964, 0.57076335, 0.8457769];263,13333;155,5896;1172,7333;405,57553;1357,1333;1618,8544;6,733333;17,470245;113,13333;62,998714;113,13333;62,998714;102,53333;59,670364;0;0;113,13333;62,998714;8,2;16,848907;103,2;105,33497;;;;;;;;;;;;;;;;;;;;;;;;;;;;;;;
20;12219268;3640,2;2153,909;695,8443;3640,2;3360,768;15;[13, 15, 13, 15, 128, 0.5598408, 0.42973903, 0.45571917, 0.3073247, 0.39309353, 0.60082704, 0.5993625, 0.44692868, 0.5610267, 0.09430765, 0.7399887, 0.9246301, 0.36143476, 0.8979663, 0.5910716, 0.31415206, 0.1875644, 0.3838731, 0.19146477, 0.6830316, 0.21942116, 0.7607184, 0.71803844, 0.3491196, 0.4483092, 0.852859, 0.6738954, 0.3886767, 0.36052006, 0.69919765, 0.5973726, 0.5692566, 0.20039207, 0.62757427, 0.12137332, 0.7345554, 0.27778068, 0.6245669, 0.40304998, 0.68214846, 0.48605275, 0.49486524, 0.795631, 0.19565544, 0.6525108, 0.28066093, 0.8443334];1137,6666;765,7135;1037,4;475,47372;982;1656,0862;5,266667;16,064453;76,73333;50,605568;76,73333;50,605568;74,13333;57,81481;0;0;76,73333;50,605568;0,73333335;2,3441923;172,8;291,53076;;;;;;;;;;;;;;;;;;;;;;;;;;;;;;;
21;14476698;4296,467;2362,578;741,799;4296,467;1552,3442;15;[8, 16, 13, 14, 127, 0.55330235, 0.4656241, 0.44373405, 0.34615862, 0.31251934, 0.69660115, 0.5981395, 0.3769008, 0.81111825, 0.06760314, 0.50436074, 0.7982547, 0.41717964, 0.7483648, 0.7397578, 0.25090694, 0.2748353, 0.30193877, 0.33788836, 0.6223256, 0.25474936, 0.42325076, 0.62511015, 0.4249153, 0.58144534, 0.82599753, 0.57878137, 0.37423438, 0.18038566, 0.7148144, 0.5745504, 0.48856097, 0.13553293, 0.6137125, 0.031434104, 0.5326015, 0.2621563, 0.61058104, 0.47580868, 0.6342768, 0.5574857, 0.4853302, 0.7713607, 0.58049613, 0.81047726, 0.59292173, 0.8422444];1290,1333;432,37714;1058,0667;216,8085;1020,3333;624,9894;5,266667;9,44508;96,86667;26,232115;96,86667;26,232115;104,2;47,694263;0;0;96,86667;26,232115;2,5333333;6,0103087;525,3333;230,96773;;;;;;;;;;;;;;;;;;;;;;;;;;;;;;;
22;13523748;4988;2521,3489;990,0835;4988;4459,2344;15;[8, 15, 11, 14, 126, 0.5738929, 0.25734508, 0.44112074, 0.30944303, 0.39266577, 0.5901381, 0.6794748, 0.591809, 0.4411162, 0.071247876, 0.80555916, 0.9068722, 0.46350932, 0.730297, 0.59939945, 0.37381664, 0.3344186, 0.44793797, 0.18602656, 0.608511, 0.117053784, 0.36489907, 0.53811675, 0.3769663, 0.63387287, 0.837538, 0.6337379, 0.3991588, 0.531327, 0.87468797, 0.5806353, 0.47294137, 0.19945553, 0.570392, 0.097631104, 0.016369592, 0.25549132, 0.73048806, 0.39928162, 0.729578, 0.4982278, 0.4651958, 0.756183, 0.72180146, 0.47888964, 0.53289366, 0.87820894];1917,7333;1225,0568;894,5333;309,06723;1209,4667;2175,9692;7,133333;27,078897;98,53333;63,796406;98,53333;63,796406;89;45,050766;0;0;98,53333;63,796406;13,666667;25,09316;560,86664;526,3487;;;;;;;;;;;;;;;;;;;;;;;;;;;;;;;
23;10590289;4988;2690,3044;844,8987;4988;4459,2344;15;[8, 15, 11, 14, 126, 0.5738929, 0.25734508, 0.44112074, 0.30944303, 0.39266577, 0.5901381, 0.6794748, 0.591809, 0.4411162, 0.071247876, 0.80555916, 0.9068722, 0.46350932, 0.730297, 0.59939945, 0.37381664, 0.3344186, 0.44793797, 0.18602656, 0.608511, 0.117053784, 0.36489907, 0.53811675, 0.3769663, 0.63387287, 0.837538, 0.6337379, 0.3991588, 0.531327, 0.87468797, 0.5806353, 0.47294137, 0.19945553, 0.570392, 0.097631104, 0.016369592, 0.25549132, 0.73048806, 0.39928162, 0.729578, 0.4982278, 0.4651958, 0.756183, 0.72180146, 0.47888964, 0.53289366, 0.87820894];1917,7333;1225,0568;894,5333;309,06723;1209,4667;2175,9692;7,133333;27,078897;98,53333;63,796406;98,53333;63,796406;89;45,050766;0;0;98,53333;63,796406;13,666667;25,09316;560,86664;526,3487;;;;;;;;;;;;;;;;;;;;;;;;;;;;;;;
24;13636158;5899,067;2706,8022;1280,3812;5899,067;3438,422;15;[9, 15, 16, 15, 127, 0.55635804, 0.6366415, 0.4486728, 0.33852372, 0.36412945, 0.6685745, 0.58458865, 0.5667337, 0.81414425, 0.042360924, 0.7521766, 0.929134, 0.74765307, 0.74959284, 0.41152823, 0.30147254, 0.27519235, 0.2438134, 0.32836044, 0.6957075, 0.16866745, 0.3799342, 0.705353, 0.4235216, 0.5613799, 0.814855, 0.6145379, 0.3602876, 0.2324781, 0.709522, 0.58520633, 0.6064579, 0.26060635, 0.6322924, 0.17100033, 0.7723492, 0.17401604, 0.59137547, 0.4207559, 0.70419496, 0.54788303, 0.47476226, 0.7652432, 0.2818972, 0.73823065, 0.6766523, 0.86885136];1945,7333;734,08246;1121,8;246,69998;1263,6666;833,2834;6,6666665;11,349428;126,933334;37,329548;126,933334;37,329548;205,8;75,05255;402,66666;1559,5214;126,933334;37,329548;25,2;64,70174;546,73334;248,95424;;;;;;;;;;;;;;;;;;;;;;;;;;;;;;;
25;12101036;5899,067;2536,9355;965,1875;5899,067;3438,422;15;[9, 15, 16, 15, 127, 0.55635804, 0.6366415, 0.4486728, 0.33852372, 0.36412945, 0.6685745, 0.58458865, 0.5667337, 0.81414425, 0.042360924, 0.7521766, 0.929134, 0.74765307, 0.74959284, 0.41152823, 0.30147254, 0.27519235, 0.2438134, 0.32836044, 0.6957075, 0.16866745, 0.3799342, 0.705353, 0.4235216, 0.5613799, 0.814855, 0.6145379, 0.3602876, 0.2324781, 0.709522, 0.58520633, 0.6064579, 0.26060635, 0.6322924, 0.17100033, 0.7723492, 0.17401604, 0.59137547, 0.4207559, 0.70419496, 0.54788303, 0.47476226, 0.7652432, 0.2818972, 0.73823065, 0.6766523, 0.86885136];1945,7333;734,08246;1121,8;246,69998;1263,6666;833,2834;6,6666665;11,349428;126,933334;37,329548;126,933334;37,329548;205,8;75,05255;402,66666;1559,5214;126,933334;37,329548;25,2;64,70174;546,73334;248,95424;;;;;;;;;;;;;;;;;;;;;;;;;;;;;;;
26;17414026;5899,067;3139,66;1030,6825;5899,067;3438,422;15;[9, 15, 16, 15, 127, 0.55635804, 0.6366415, 0.4486728, 0.33852372, 0.36412945, 0.6685745, 0.58458865, 0.5667337, 0.81414425, 0.042360924, 0.7521766, 0.929134, 0.74765307, 0.74959284, 0.41152823, 0.30147254, 0.27519235, 0.2438134, 0.32836044, 0.6957075, 0.16866745, 0.3799342, 0.705353, 0.4235216, 0.5613799, 0.814855, 0.6145379, 0.3602876, 0.2324781, 0.709522, 0.58520633, 0.6064579, 0.26060635, 0.6322924, 0.17100033, 0.7723492, 0.17401604, 0.59137547, 0.4207559, 0.70419496, 0.54788303, 0.47476226, 0.7652432, 0.2818972, 0.73823065, 0.6766523, 0.86885136];1945,7333;734,08246;1121,8;246,69998;1263,6666;833,2834;6,6666665;11,349428;126,933334;37,329548;126,933334;37,329548;205,8;75,05255;402,66666;1559,5214;126,933334;37,329548;25,2;64,70174;546,73334;248,95424;;;;;;;;;;;;;;;;;;;;;;;;;;;;;;;
27;17159622;6422,8;3481,0557;1152,3452;6422,8;2583,062;15;[8, 15, 14, 15, 124, 0.56996614, 0.17588627, 0.45858365, 0.35762763, 0.30078888, 0.5878136, 0.56321406, 0.8729003, 0.6251972, 0.045498334, 0.74086267, 0.94124985, 0.76079774, 0.98534, 0.55715525, 0.35581002, 0.31783083, 0.38264224, 0.21418025, 0.6614088, 0.11799203, 0.7044317, 0.5947316, 0.33501548, 0.8955344, 0.8544955, 0.71893394, 0.37942716, 0.40110832, 0.5367069, 0.57433426, 0.4986177, 0.19354846, 0.5929905, 0.17206872, 0.37521142, 0.26683053, 0.6900687, 0.386797, 0.48597413, 0.51262254, 0.44095764, 0.79454565, 0.6578558, 0.5240936, 0.6239118, 0.8518558];2168,8;589,54694;1347;321,1613;1399,8;838,6662;5;11,326328;113,933334;31,673483;113,933334;31,673483;190,86667;59,331837;0;0;113,933334;31,673483;247,8;607,5568;721,73334;463,3438;;;;;;;;;;;;;;;;;;;;;;;;;;;;;;;
28;27526174;6422,8;3778,8733;951,3313;6422,8;2583,062;15;[8, 15, 14, 15, 124, 0.56996614, 0.17588627, 0.45858365, 0.35762763, 0.30078888, 0.5878136, 0.56321406, 0.8729003, 0.6251972, 0.045498334, 0.74086267, 0.94124985, 0.76079774, 0.98534, 0.55715525, 0.35581002, 0.31783083, 0.38264224, 0.21418025, 0.6614088, 0.11799203, 0.7044317, 0.5947316, 0.33501548, 0.8955344, 0.8544955, 0.71893394, 0.37942716, 0.40110832, 0.5367069, 0.57433426, 0.4986177, 0.19354846, 0.5929905, 0.17206872, 0.37521142, 0.26683053, 0.6900687, 0.386797, 0.48597413, 0.51262254, 0.44095764, 0.79454565, 0.6578558, 0.5240936, 0.6239118, 0.8518558];2168,8;589,54694;1347;321,1613;1399,8;838,6662;5;11,326328;113,933334;31,673483;113,933334;31,673483;190,86667;59,331837;0;0;113,933334;31,673483;247,8;607,5568;721,73334;463,3438;;;;;;;;;;;;;;;;;;;;;;;;;;;;;;;
29;48906457;6422,8;3851,2556;960,66986;6422,8;2583,062;15;[8, 15, 14, 15, 124, 0.56996614, 0.17588627, 0.45858365, 0.35762763, 0.30078888, 0.5878136, 0.56321406, 0.8729003, 0.6251972, 0.045498334, 0.74086267, 0.94124985, 0.76079774, 0.98534, 0.55715525, 0.35581002, 0.31783083, 0.38264224, 0.21418025, 0.6614088, 0.11799203, 0.7044317, 0.5947316, 0.33501548, 0.8955344, 0.8544955, 0.71893394, 0.37942716, 0.40110832, 0.5367069, 0.57433426, 0.4986177, 0.19354846, 0.5929905, 0.17206872, 0.37521142, 0.26683053, 0.6900687, 0.386797, 0.48597413, 0.51262254, 0.44095764, 0.79454565, 0.6578558, 0.5240936, 0.6239118, 0.8518558];2168,8;589,54694;1347;321,1613;1399,8;838,6662;5;11,326328;113,933334;31,673483;113,933334;31,673483;190,86667;59,331837;0;0;113,933334;31,673483;247,8;607,5568;721,73334;463,3438;;;;;;;;;;;;;;;;;;;;;;;;;;;;;;;
